{"cameraMode":{"drawMode":0,"name":"Shaded","section":"Shading Mode"},"sceneLighting":false,"audioPlay":false,"sceneViewState":{"m_AlwaysRefresh":false,"showFog":true,"showSkybox":false,"showFlares":true,"showImageEffects":true,"showParticleSystems":true,"showVisualEffectGraphs":true,"m_FxEnabled":true},"in2DMode":false,"pivot":{"x":-19.399999618530275,"y":1.11899995803833,"z":9.699999809265137},"rotation":{"x":0.35729318857192995,"y":0.01261122152209282,"z":-0.004815914202481508,"w":0.9339064359664917},"size":1.5431782007217408,"orthographic":false}