{"cameraMode":{"drawMode":0,"name":"Shaded","section":"Shading Mode"},"sceneLighting":false,"audioPlay":false,"sceneViewState":{"showFog":true,"showMaterialUpdate":false,"showSkybox":false,"showFlares":true,"showImageEffects":true,"showParticleSystems":true},"in2DMode":false,"pivot":{"x":6.584503173828125,"y":21.2365665435791,"z":-34.270301818847659},"rotation":{"x":-0.036358244717121127,"y":0.6823280453681946,"z":-0.03401577100157738,"w":-0.7293562293052673},"size":4.920729637145996,"orthographic":false}