{"cameraMode":{"drawMode":0,"name":"Shaded","section":"Shading Mode"},"sceneLighting":false,"audioPlay":false,"sceneViewState":{"showFog":true,"showMaterialUpdate":false,"showSkybox":false,"showFlares":true,"showImageEffects":true,"showParticleSystems":true},"in2DMode":false,"pivot":{"x":-1.5400158166885377,"y":98.69585418701172,"z":-109.74889373779297},"rotation":{"x":0.0029379914049059154,"y":-0.91270512342453,"z":-0.006562743801623583,"w":-0.40856730937957766},"size":3.3906443119049074,"orthographic":true}