{"cameraMode":{"drawMode":0,"name":"Shaded","section":"Shading Mode"},"sceneLighting":false,"audioPlay":false,"sceneViewState":{"m_AlwaysRefresh":false,"showFog":true,"showSkybox":false,"showFlares":true,"showImageEffects":true,"showParticleSystems":true,"showVisualEffectGraphs":true,"m_FxEnabled":true},"in2DMode":false,"pivot":{"x":-7.969999313354492,"y":1.11899995803833,"z":10.087953567504883},"rotation":{"x":0.4424520432949066,"y":-0.014795810915529728,"z":0.007300843019038439,"w":0.8966407775878906},"size":1.3451523780822755,"orthographic":false}